scenario_name,avg_uplift,avg_incremental_profit_proxy,avg_roi_proxy,recommended_days_count
light_push,943.5361063745901,208.7328563745903,0.028406632166445966,15
standard_push,943.5361063745901,-526.0703936254098,-0.03579668391677703,15
aggressive_push,943.5361063745901,-1995.67689362541,-0.06789834195838852,15
heavy_push,943.5361063745901,-3465.2833936254096,-0.07859889463892569,15
